meanIBW_g,meanABW_g,meanFBW_g,meanDuration_d,meanRearingV_m3,meanTotalV,meanRearingVTotalV_ratio,meanInitBiomass_kg,meanABM_kg,meanBiomass_kg_Density_derived,meanFBM_kg,meanIDensity_kg_m3,meanAD_kg_m3,meanExchRate,meanFreshwater_m3_d,pH,meanFR,meanCP,meanCP_factor_d,meanN_factor_d,meanFeed_kg_d
201.10961111111112,311.17862962962965,421.2476481481482,89.05555555555556,2.8055555555555554,4.530166666666666,0.8107476367126827,23.650070886039884,40.97826228703704,11.086924641069052,1.1540000000000001,3.9517751195889694,7.694214843359591,0.03398518518518519,0.10394053333333333,7.0975,0.016451666666666667,0.4076,0.006777066666666667,0.04235666666666667,0.674160711725571
