RearingV,TotalV,StockingDensity,Biomass_Density_derived,Biomass,meanFR,DailyFeed,meanCP,WaterExchange,DailyFreshwater,WaterEx_perFeed
8.089717948717949,34.439060240963855,12.438382684442447,100.6230076553566,1685.5635328480769,0.022272131147540983,72.35653553599418,0.40739411764705885,4.2318421052631585,4.408990745945946,551.9767072572963
