meanIBW_g,meanDuration_d,meanRearingV_m3,meanTotalV,meanRearingVTotalV_ratio,meanDensity_kg_m3,meanBiomass_kg,meanBiomass_kg_Density_derived,meanExchRate,meanFreshwater_m3_d,pH
121.807,94.15,5.411538461538462,88.82715,0.6270554618310298,17.49257067515144,6483.147909230769,113406.92299967953,296.8833333333333,2.05697104,7.514444444444445
