meanFR,meanCP,meanCP_factor_d,meanN_factor_d
0.016451666666666667,0.4076,0.006777066666666667,0.04235666666666667
