meanFR,meanCP,meanCP_factor_d,meanN_factor_d
0.01627962962962963,0.40844444444444444,0.006730074074074074,0.04206296296296296
